[
{"LOB":"E_Signon.mac","Start Time":"11/20/2025 09:42:10","End Time":"11/20/2025 09:43:17","Automation":"PCOMM_EI"},
{"LOB":"E_Signon.mac","Start Time":"11/20/2025 09:44:00","End Time":"11/20/2025 09:45:47","Automation":"PCOMM_EI"},
{"LOB":"SeamFindICN.mac","Start Time":"11/20/2025 09:46:45","End Time":"11/20/2025 09:46:58","Automation":"PCOMM_EI"},
{"LOB":"ClmImage.mac","Start Time":"11/20/2025 09:59:28","End Time":"11/20/2025 10:02:44","Automation":"PCOMM_EI"},
{"LOB":"SeamFindICN.mac","Start Time":"11/20/2025 15:03:24","End Time":"11/20/2025 15:03:30","Automation":"PCOMM_EI"},
{"LOB":"E_Signon.mac","Start Time":"11/20/2025 15:03:48","End Time":"11/20/2025 15:05:12","Automation":"PCOMM_EI"},
{"LOB":"SeamFindICN.mac","Start Time":"11/20/2025 15:06:26","End Time":"11/20/2025 15:07:01","Automation":"PCOMM_EI"},
{"LOB":"Goto_CMI.mac","Start Time":"11/20/2025 15:07:32","End Time":"11/20/2025 15:07:33","Automation":"PCOMM_EI"},
{"LOB":"ClmImage.mac","Start Time":"11/20/2025 15:07:57","End Time":"11/20/2025 15:08:24","Automation":"PCOMM_EI"},
{"LOB":"Goto_CMI.mac","Start Time":"11/20/2025 15:08:30","End Time":"11/20/2025 15:08:31","Automation":"PCOMM_EI"},
{"LOB":"GoTo_CEI.mac","Start Time":"11/20/2025 15:08:41","End Time":"11/20/2025 15:08:44","Automation":"PCOMM_EI"},
{"LOB":"E_Signon.mac","Start Time":"12/20/2023 08:16:44","End Time":"12/20/2023 08:21:02","Automation":"PCOMM_EI"},
{"LOB":"SeamFindICN.mac","Start Time":"12/20/2023 08:25:04","End Time":"12/20/2023 08:25:20","Automation":"PCOMM_EI"},
{"LOB":"Remark.mac","Start Time":"12/20/2023 08:26:26","End Time":"12/20/2023 08:26:31","Automation":"PCOMM_EI"},
{"LOB":"AHISrch.mac","Start Time":"12/20/2023 08:27:09","End Time":"12/20/2023 08:27:27","Automation":"PCOMM_EI"},
{"LOB":"SeamFindICN.mac","Start Time":"12/20/2023 09:35:29","End Time":"12/20/2023 09:35:33","Automation":"PCOMM_EI"},
{"LOB":"E_Signon.mac","Start Time":"12/20/2023 09:35:58","End Time":"12/20/2023 09:38:57","Automation":"PCOMM_EI"},
{"LOB":"SeamFindICN.mac","Start Time":"12/20/2023 09:42:25","End Time":"12/20/2023 09:42:41","Automation":"PCOMM_EI"},
{"LOB":"SeamFindICN.mac","Start Time":"12/20/2023 10:05:32","End Time":"12/20/2023 10:05:41","Automation":"PCOMM_EI"},
{"LOB":"NDBlogin.mac","Start Time":"12/20/2023 10:24:03","End Time":"12/20/2023 10:24:08","Automation":"PCOMM_EI"},
{"LOB":"E_Signon.mac","Start Time":"12/20/2023 15:39:44","End Time":"12/20/2023 15:41:02","Automation":"PCOMM_EI"},
{"LOB":"SeamFindICN.mac","Start Time":"12/20/2023 15:41:34","End Time":"12/20/2023 15:41:47","Automation":"PCOMM_EI"},
{"LOB":"Goto_CMI.mac","Start Time":"12/20/2023 15:41:49","End Time":"12/20/2023 15:41:50","Automation":"PCOMM_EI"},
{"LOB":"Remark.mac","Start Time":"12/20/2023 15:43:21","End Time":"12/20/2023 15:43:23","Automation":"PCOMM_EI"},
{"LOB":"GoTo_CEI.mac","Start Time":"12/20/2023 15:47:13","End Time":"12/20/2023 15:47:16","Automation":"PCOMM_EI"},
{"LOB":"E_Signon.mac","Start Time":"12/20/2024 10:11:54","End Time":"12/20/2024 10:15:07","Automation":"PCOMM_EI"},
{"LOB":"E_Signon.mac","Start Time":"12/20/2024 15:15:29","End Time":"12/20/2024 15:16:23","Automation":"PCOMM_EI"},
{"LOB":"SeamFindICN.mac","Start Time":"12/20/2024 15:20:40","End Time":"12/20/2024 15:20:46","Automation":"PCOMM_EI"},
{"LOB":"GoTo_CEI.mac","Start Time":"12/20/2024 15:20:55","End Time":"12/20/2024 15:20:58","Automation":"PCOMM_EI"},
{"LOB":"SeamFindICN.mac","Start Time":"12/20/2028 09:33:23","End Time":"12/20/2028 09:33:24","Automation":"PCOMM_EI"},
{"LOB":"E_Signon.mac","Start Time":"12/20/2028 09:33:37","End Time":"12/20/2028 09:35:05","Automation":"PCOMM_EI"},
{"LOB":"SeamFindICN.mac","Start Time":"12/20/2028 09:35:25","End Time":"12/20/2028 09:35:35","Automation":"PCOMM_EI"},
{"LOB":"GoTo_CEI.mac","Start Time":"12/20/2028 09:55:48","End Time":"12/20/2028 09:55:51","Automation":"PCOMM_EI"},
{"LOB":"Goto_CMI.mac","Start Time":"12/20/2028 10:05:25","End Time":"12/20/2028 10:05:26","Automation":"PCOMM_EI"},
{"LOB":"E_Signon.mac","Start Time":"12/20/2028 11:54:57","End Time":"12/20/2028 11:55:58","Automation":"PCOMM_EI"},
{"LOB":"E_Signon.mac","Start Time":"12/20/2028 11:57:15","End Time":"12/20/2028 11:58:13","Automation":"PCOMM_EI"},
{"LOB":"SeamFindICN.mac","Start Time":"12/20/2028 11:58:50","End Time":"12/20/2028 11:58:57","Automation":"PCOMM_EI"},
{"LOB":"GoTo_CEI.mac","Start Time":"12/20/2028 11:59:16","End Time":"12/20/2028 11:59:21","Automation":"PCOMM_EI"},
{"LOB":"Goto_CMI.mac","Start Time":"12/20/2028 11:59:57","End Time":"12/20/2028 11:59:58","Automation":"PCOMM_EI"},
{"LOB":"ClmImage.mac","Start Time":"12/20/2028 13:06:14","End Time":"12/20/2028 13:06:15","Automation":"PCOMM_EI"},
{"LOB":"SeamFindICN.mac","Start Time":"12/20/2028 13:17:38","End Time":"12/20/2028 13:17:45","Automation":"PCOMM_EI"},
{"LOB":"E_Signon.mac","Start Time":"12/20/2028 13:17:59","End Time":"12/20/2028 13:18:59","Automation":"PCOMM_EI"},
{"LOB":"SeamFindICN.mac","Start Time":"12/20/2028 13:20:57","End Time":"12/20/2028 13:21:03","Automation":"PCOMM_EI"},
{"LOB":"GoTo_CEI.mac","Start Time":"12/20/2028 13:24:02","End Time":"12/20/2028 13:24:04","Automation":"PCOMM_EI"},
{"LOB":"E_Signon.mac","Start Time":"12/20/2029 13:12:54","End Time":"12/20/2029 13:14:45","Automation":"PCOMM_EI"},
{"LOB":"SeamFindICN.mac","Start Time":"12/20/2029 13:14:57","End Time":"12/20/2029 13:15:03","Automation":"PCOMM_EI"},
{"LOB":"E_Signon.mac","Start Time":"12/20/2029 14:10:12","End Time":"12/20/2029 14:26:18","Automation":"PCOMM_EI"},
{"LOB":"SeamFindICN.mac","Start Time":"12/20/2029 14:26:43","End Time":"12/20/2029 14:26:49","Automation":"PCOMM_EI"},
{"LOB":"Goto_CMI.mac","Start Time":"12/20/2029 14:27:02","End Time":"12/20/2029 14:27:03","Automation":"PCOMM_EI"},
{"LOB":"GoTo_CEI.mac","Start Time":"12/20/2029 14:27:18","End Time":"12/20/2029 14:27:20","Automation":"PCOMM_EI"},
{"LOB":"SeamFindICN.mac","Start Time":"12/20/2029 15:12:35","End Time":"12/20/2029 15:12:44","Automation":"PCOMM_EI"},
{"LOB":"SeamFindICN.mac","Start Time":"12/20/2029 16:25:54","End Time":"12/20/2029 16:28:58","Automation":"PCOMM_EI"},
{"LOB":"RetIcn.mac","Start Time":"05/09/2023 23:59:59","End Time":"05/09/2023 23:59:59","Automation":"PCOMM_EI"},
{"LOB":"ADJ&MPI.mac","Start Time":"05/09/2023 23:59:58","End Time":"05/09/2023 23:59:59","Automation":"PCOMM_EI_NAT"},
{"LOB":"Not11_05.mac","Start Time":"05/09/2023 23:59:59","End Time":"05/09/2023 23:59:59","Automation":"PCOMM_EI_NAT"},
{"LOB":"GoTo_MEI.mac","Start Time":"05/09/2023 23:59:59","End Time":"05/09/2023 23:59:59","Automation":"PCOMM_EI_NAT"},
{"LOB":"E_Signon.mac","Start Time":"05/10/2023 10:29:59","End Time":"05/10/2023 10:29:59","Automation":"PCOMM_EI_NAT"},
{"LOB":"Back tab","Start Time":"05/10/2023 10:30:00","End Time":"05/10/2023 10:30:00","Automation":"CPA CLAIMS_PROCESSING_MC"},
{"LOB":"SeamFindICN.mac","Start Time":"05/09/2023 23:59:58","End Time":"05/10/2023 00:00:00","Automation":"PCOMM_EI"},
{"LOB":"Goto_CMI.mac","Start Time":"05/09/2023 23:00:00","End Time":"05/09/2023 23:00:00","Automation":"PCOMM_EI_NAT"},
{"LOB":"GoTo_MEI.mac","Start Time":"05/10/2023 10:29:57","End Time":"05/10/2023 10:29:58","Automation":"PCOMM_EI"},
{"LOB":"SeamFindICN.mac","Start Time":"05/10/2023 10:29:57","End Time":"05/10/2023 10:30:00","Automation":"PCOMM_EI"},
{"LOB":"RetIcn.mac","Start Time":"05/10/2023 00:00:00","End Time":"05/10/2023 00:00:00","Automation":"PCOMM_EI"},
{"LOB":"AsORSEWD.mac","Start Time":"05/09/2023 23:59:58","End Time":"05/10/2023 00:00:00","Automation":"PCOMM_EI_NAT"},
{"LOB":"Goto_CMI.mac","Start Time":"05/10/2023 10:30:00","End Time":"05/10/2023 10:30:00","Automation":"PCOMM_EI_NAT"},
{"LOB":"71void.mac","Start Time":"05/10/2023 10:29:59","End Time":"05/10/2023 10:30:01","Automation":"PCOMM_EI_NAT"},
{"LOB":"AHISrch.mac","Start Time":"05/09/2023 23:59:57","End Time":"05/10/2023 00:00:00","Automation":"PCOMM_EI_NAT"},
{"LOB":"EDS_OVRC.mac","Start Time":"05/09/2023 23:59:55","End Time":"05/10/2023 00:00:01","Automation":"PCOMM_EI_NAT"},
{"LOB":"E_Signon.mac","Start Time":"05/10/2023 00:00:00","End Time":"05/10/2023 00:00:00","Automation":"PCOMM_EI_NAT"},
{"LOB":"SeamFindICN.mac","Start Time":"05/10/2023 10:29:59","End Time":"05/10/2023 10:30:01","Automation":"PCOMM_EI"},
{"LOB":"AHISrch.mac","Start Time":"05/09/2023 23:59:56","End Time":"05/10/2023 00:00:01","Automation":"PCOMM_EI_NAT"},
{"LOB":"ADJ&MPI.mac","Start Time":"05/09/2023 21:59:59","End Time":"05/09/2023 22:00:01","Automation":"PCOMM_EI_NAT"},
{"LOB":"GoTo_MEI.mac","Start Time":"05/09/2023 22:00:01","End Time":"05/09/2023 22:00:01","Automation":"PCOMM_EI_NAT"},
{"LOB":"ADJ&MPI.mac","Start Time":"05/09/2023 23:59:55","End Time":"05/10/2023 00:00:01","Automation":"PCOMM_EI_NAT"},
{"LOB":"AHISrch.mac","Start Time":"05/10/2023 10:29:59","End Time":"05/10/2023 10:30:01","Automation":"PCOMM_EI_NAT"},
{"LOB":"EDS_OVRC.mac","Start Time":"05/09/2023 23:59:56","End Time":"05/10/2023 00:00:01","Automation":"PCOMM_EI_NAT"},
{"LOB":"EDS_OVRC.mac","Start Time":"05/09/2023 23:59:58","End Time":"05/10/2023 00:00:02","Automation":"PCOMM_EI_NAT"},
{"LOB":"Not11_05.mac","Start Time":"05/10/2023 10:30:01","End Time":"05/10/2023 10:30:02","Automation":"PCOMM_EI_NAT"},
{"LOB":"GoTo_CEI.mac","Start Time":"05/10/2023 00:00:01","End Time":"05/10/2023 00:00:02","Automation":"PCOMM_EI_NAT"},
{"LOB":"EDS_OVRC.mac","Start Time":"05/09/2023 23:59:57","End Time":"05/10/2023 00:00:02","Automation":"PCOMM_EI_NAT"},
{"LOB":"CLmacro.mac","Start Time":"05/09/2023 23:59:57","End Time":"05/10/2023 00:00:02","Automation":"PCOMM_EI_NAT"},
{"LOB":"GoTo_MEI.mac","Start Time":"05/10/2023 10:30:02","End Time":"05/10/2023 10:30:02","Automation":"PCOMM_EI_NAT"},
{"LOB":"GoTo_MEI.mac","Start Time":"05/10/2023 00:00:00","End Time":"05/10/2023 00:00:02","Automation":"PCOMM_EI_NAT"},
{"LOB":"GoTo_MEI.mac","Start Time":"05/10/2023 10:30:01","End Time":"05/10/2023 10:30:02","Automation":"PCOMM_EI_NAT"},
{"LOB":"RetIcn.mac","Start Time":"05/10/2023 10:30:02","End Time":"05/10/2023 10:30:02","Automation":"PCOMM_EI"},
{"LOB":"ADJ&MPI.mac","Start Time":"05/10/2023 00:00:01","End Time":"05/10/2023 00:00:02","Automation":"PCOMM_EI_NAT"},
{"LOB":"ADJ&MPI.mac","Start Time":"05/10/2023 00:00:01","End Time":"05/10/2023 00:00:02","Automation":"PCOMM_EI_NAT"},
{"LOB":"GoTo_MEI.mac","Start Time":"05/10/2023 00:00:02","End Time":"05/10/2023 00:00:03","Automation":"PCOMM_EI_NAT"},
{"LOB":"adjust.mac","Start Time":"05/09/2023 21:59:54","End Time":"05/09/2023 22:00:03","Automation":"PCOMM_EI_NAT"},
{"LOB":"E_Signon.mac","Start Time":"05/10/2023 00:00:03","End Time":"05/10/2023 00:00:03","Automation":"PCOMM_EI_NAT"},
{"LOB":"GoTo_MEI.mac","Start Time":"05/10/2023 00:00:01","End Time":"05/10/2023 00:00:03","Automation":"PCOMM_EI_NAT"},
{"LOB":"SeamFindICN.mac","Start Time":"05/10/2023 10:30:01","End Time":"05/10/2023 10:30:03","Automation":"PCOMM_EI"},
{"LOB":"ADJ&MPI.mac","Start Time":"05/10/2023 01:00:00","End Time":"05/10/2023 01:00:03","Automation":"PCOMM_EI_NAT"},
{"LOB":"SeamFindICN.mac","Start Time":"05/10/2023 10:30:01","End Time":"05/10/2023 10:30:03","Automation":""},
{"LOB":"GoTo_MEI.mac","Start Time":"05/10/2023 00:00:03","End Time":"05/10/2023 00:00:03","Automation":"PCOMM_EI_NAT"},
{"LOB":"GoTo_MRI.mac","Start Time":"05/10/2023 10:30:03","End Time":"05/10/2023 10:30:03","Automation":"PCOMM_EI_NAT"},
{"LOB":"Ibaag.mac","Start Time":"05/09/2023 23:59:50","End Time":"05/10/2023 00:00:03","Automation":"PCOMM_EI_NAT"},
{"LOB":"Host ORS/PCOMM Paste","Start Time":"05/10/2023 10:30:03","End Time":"05/10/2023 10:30:04","Automation":"CPA_REWORK_MC"},
{"LOB":"Host ORS/PCOMM Copy","Start Time":"05/10/2023 10:30:04","End Time":"05/10/2023 10:30:04","Automation":"CPA_REWORK_MC"},
{"LOB":"Remark.mac","Start Time":"05/10/2023 00:00:03","End Time":"05/10/2023 00:00:04","Automation":"PCOMM_EI"},
{"LOB":"GoTo_MEI.mac","Start Time":"05/10/2023 00:00:04","End Time":"05/10/2023 00:00:04","Automation":"PCOMM_EI_NAT"},
{"LOB":"CLmacro.mac","Start Time":"05/10/2023 00:00:01","End Time":"05/10/2023 00:00:04","Automation":"PCOMM_EI_NAT"},
{"LOB":"SeamFindICN.mac","Start Time":"05/10/2023 10:30:02","End Time":"05/10/2023 10:30:04","Automation":"PCOMM_EI"},
{"LOB":"AHISrch.mac","Start Time":"05/10/2023 00:00:00","End Time":"05/10/2023 00:00:04","Automation":"PCOMM_EI_NAT"},
{"LOB":"ADJ&MPI.mac","Start Time":"05/10/2023 00:00:03","End Time":"05/10/2023 00:00:05","Automation":"PCOMM_EI_NAT"},
{"LOB":"RetIcn.mac","Start Time":"05/09/2023 23:00:04","End Time":"05/09/2023 23:00:05","Automation":"PCOMM_EI"},
{"LOB":"AHISrch.mac","Start Time":"05/09/2023 22:00:02","End Time":"05/09/2023 22:00:05","Automation":"PCOMM_EI_NAT"},
{"LOB":"Get Hardcopy - NO COSMOS","Start Time":"05/10/2023 10:30:05","End Time":"05/10/2023 10:30:05","Automation":"CPA CPQ_ALL_MC"},
{"LOB":"GoTo_MEI.mac","Start Time":"05/10/2023 10:30:05","End Time":"05/10/2023 10:30:05","Automation":"PCOMM_EI_NAT"},
{"LOB":"CRT_Spreadsheet_Macro.xlsm","Start Time":"05/09/2023 22:00:00","End Time":"05/09/2023 22:00:05","Automation":"EXCEL_EI"},
{"LOB":"GoTo_MEI.mac","Start Time":"05/10/2023 00:00:04","End Time":"05/10/2023 00:00:06","Automation":"PCOMM_EI_NAT"},
{"LOB":"71void.mac","Start Time":"05/09/2023 22:00:04","End Time":"05/09/2023 22:00:06","Automation":"PCOMM_EI_NAT"},
{"LOB":"RetIcn.mac","Start Time":"05/10/2023 00:00:06","End Time":"05/10/2023 00:00:06","Automation":"PCOMM_EI"},
{"LOB":"GoTo_MEI.mac","Start Time":"05/10/2023 10:30:03","End Time":"05/10/2023 10:30:06","Automation":"PCOMM_EI_NAT"},
{"LOB":"GoTo_MEI.mac","Start Time":"05/10/2023 00:00:06","End Time":"05/10/2023 00:00:06","Automation":"PCOMM_EI_NAT"},
{"LOB":"ADJ&MPI.mac","Start Time":"05/10/2023 10:30:05","End Time":"05/10/2023 10:30:06","Automation":"PCOMM_EI_NAT"},
{"LOB":"RetIcn.mac","Start Time":"05/10/2023 00:00:06","End Time":"05/10/2023 00:00:06","Automation":"PCOMM_EI"},
{"LOB":"GoTo_MEI.mac","Start Time":"05/10/2023 00:00:06","End Time":"05/10/2023 00:00:06","Automation":"PCOMM_EI_NAT"},
{"LOB":"Chg_OV.mac","Start Time":"05/10/2023 00:00:05","End Time":"05/10/2023 00:00:06","Automation":"PCOMM_EI_NAT"},
{"LOB":"GoTo_MRI.mac","Start Time":"05/10/2023 00:00:06","End Time":"05/10/2023 00:00:06","Automation":"PCOMM_EI_NAT"},
{"LOB":"SeamFindICN.mac","Start Time":"05/10/2023 00:00:02","End Time":"05/10/2023 00:00:06","Automation":"PCOMM_EI"},
{"LOB":"SeamFindICN.mac","Start Time":"05/10/2023 00:00:06","End Time":"05/10/2023 00:00:07","Automation":"PCOMM_EI"},
{"LOB":"71void.mac","Start Time":"05/10/2023 10:30:03","End Time":"05/10/2023 10:30:07","Automation":"PCOMM_EI_NAT"},
{"LOB":"Host ORS/PCOMM Paste","Start Time":"05/10/2023 10:30:06","End Time":"05/10/2023 10:30:07","Automation":"CPA_REWORK_MC"},
{"LOB":"RetIcn.mac","Start Time":"05/10/2023 01:00:06","End Time":"05/10/2023 01:00:07","Automation":"PCOMM_EI_NAT"},
{"LOB":"ClmImage.mac","Start Time":"05/10/2023 10:30:01","End Time":"05/10/2023 10:30:07","Automation":"PCOMM_EI"},
{"LOB":"GoTo_CEI.mac","Start Time":"05/10/2023 00:00:07","End Time":"05/10/2023 00:00:07","Automation":"PCOMM_EI_NAT"},
{"LOB":"AHISrch.mac","Start Time":"05/10/2023 10:30:05","End Time":"05/10/2023 10:30:07","Automation":"PCOMM_EI_NAT"},
{"LOB":"SeamFindICN.mac","Start Time":"05/09/2023 22:00:07","End Time":"05/09/2023 22:00:07","Automation":"PCOMM_EI"},
{"LOB":"GoTo_MEI.mac","Start Time":"05/10/2023 10:30:07","End Time":"05/10/2023 10:30:07","Automation":"PCOMM_EI_NAT"},
{"LOB":"AHISrch.mac","Start Time":"05/10/2023 00:00:06","End Time":"05/10/2023 00:00:07","Automation":"PCOMM_EI_NAT"},
{"LOB":"SeamFindICN.mac","Start Time":"05/10/2023 10:29:54","End Time":"05/10/2023 10:30:07","Automation":"PCOMM_EI"},
{"LOB":"AsORSEWD.mac","Start Time":"05/10/2023 00:00:06","End Time":"05/10/2023 00:00:08","Automation":"PCOMM_EI_NAT"},
{"LOB":"SeamFindICN.mac","Start Time":"05/10/2023 10:30:05","End Time":"05/10/2023 10:30:08","Automation":"PCOMM_EI_NAT"},
{"LOB":"Chg_OV.mac","Start Time":"05/09/2023 19:00:07","End Time":"05/09/2023 19:00:08","Automation":"PCOMM_EI_NAT"},
{"LOB":"ADJ&MPI.mac","Start Time":"05/09/2023 22:00:07","End Time":"05/09/2023 22:00:08","Automation":"PCOMM_EI_NAT"},
{"LOB":"Med_Nec.mac","Start Time":"05/09/2023 21:59:24","End Time":"05/09/2023 22:00:08","Automation":"PCOMM_EI_NAT"},
{"LOB":"ADJ&MPI.mac","Start Time":"05/10/2023 01:00:07","End Time":"05/10/2023 01:00:08","Automation":"PCOMM_EI_NAT"},
{"LOB":"ADJ&MPI.mac","Start Time":"05/10/2023 00:00:07","End Time":"05/10/2023 00:00:08","Automation":"PCOMM_EI_NAT"},
{"LOB":"AHISrch.mac","Start Time":"05/09/2023 19:00:05","End Time":"05/09/2023 19:00:08","Automation":"PCOMM_EI_NAT"},
{"LOB":"SeamFindICN.mac","Start Time":"05/10/2023 00:00:06","End Time":"05/10/2023 00:00:08","Automation":"PCOMM_EI"},
{"LOB":"RetIcn.mac","Start Time":"05/10/2023 00:00:08","End Time":"05/10/2023 00:00:08","Automation":"PCOMM_EI"},
{"LOB":"AHISrch.mac","Start Time":"05/10/2023 10:30:06","End Time":"05/10/2023 10:30:08","Automation":"PCOMM_EI_NAT"},
{"LOB":"RetIcn.mac","Start Time":"05/10/2023 00:00:08","End Time":"05/10/2023 00:00:09","Automation":"PCOMM_EI"},
{"LOB":"ClearNC.mac","Start Time":"05/10/2023 01:00:08","End Time":"05/10/2023 01:00:08","Automation":"PCOMM_EI_NAT"},
{"LOB":"CRT_Spreadsheet_Macro.xlsm","Start Time":"05/10/2023 10:30:06","End Time":"05/10/2023 10:30:09","Automation":"EXCEL_EI"},
{"LOB":"adjust.mac","Start Time":"05/09/2023 23:59:50","End Time":"05/10/2023 00:00:09","Automation":"PCOMM_EI_NAT"},
{"LOB":"RetIcn.mac","Start Time":"05/10/2023 10:30:08","End Time":"05/10/2023 10:30:09","Automation":"PCOMM_EI"},
{"LOB":"GoTo_MEI.mac","Start Time":"05/10/2023 10:30:08","End Time":"05/10/2023 10:30:09","Automation":"PCOMM_EI_NAT"},
{"LOB":"Ibaag.mac","Start Time":"05/09/2023 23:59:47","End Time":"05/10/2023 00:00:09","Automation":"PCOMM_EI_NAT"},
{"LOB":"RetIcn.mac","Start Time":"05/10/2023 00:00:08","End Time":"05/10/2023 00:00:09","Automation":"PCOMM_EI"},
{"LOB":"SeamFindICN.mac","Start Time":"05/10/2023 00:00:07","End Time":"05/10/2023 00:00:09","Automation":"PCOMM_EI"},
{"LOB":"RetIcn.mac","Start Time":"05/09/2023 22:00:09","End Time":"05/09/2023 22:00:09","Automation":"PCOMM_EI"},
{"LOB":"AsORSEWD.mac","Start Time":"05/10/2023 00:00:08","End Time":"05/10/2023 00:00:09","Automation":"PCOMM_EI_NAT"},
{"LOB":"GoTo_PMI.mac","Start Time":"05/10/2023 00:00:07","End Time":"05/10/2023 00:00:09","Automation":"PCOMM_EI_NAT"},
{"LOB":"AHISrch.mac","Start Time":"05/10/2023 00:00:03","End Time":"05/10/2023 00:00:09","Automation":"PCOMM_EI_NAT"},
{"LOB":"ADJ&MPI.mac","Start Time":"05/10/2023 00:00:09","End Time":"05/10/2023 00:00:09","Automation":"PCOMM_EI_NAT"},
{"LOB":"SeamFindICN.mac","Start Time":"05/10/2023 10:30:06","End Time":"05/10/2023 10:30:09","Automation":"PCOMM_EI"},
{"LOB":"AHISrch.mac","Start Time":"05/10/2023 00:00:08","End Time":"05/10/2023 00:00:10","Automation":"PCOMM_EI_NAT"},
{"LOB":"Adjustment Tool While Processing","Start Time":"05/10/2023 10:27:31","End Time":"05/10/2023 10:30:10","Automation":"CPA_REWORK_MC"},
{"LOB":"RetIcn.mac","Start Time":"05/10/2023 00:00:10","End Time":"05/10/2023 00:00:10","Automation":"PCOMM_EI"},
{"LOB":"AsORSEWD.mac","Start Time":"05/10/2023 00:00:09","End Time":"05/10/2023 00:00:10","Automation":"PCOMM_EI_NAT"},
{"LOB":"SeamFindICN.mac","Start Time":"05/09/2023 22:00:08","End Time":"05/09/2023 22:00:10","Automation":"PCOMM_EI"},
{"LOB":"adjust.mac","Start Time":"05/09/2023 23:59:53","End Time":"05/10/2023 00:00:10","Automation":"PCOMM_EI_NAT"},
{"LOB":"ADJ&MPI.mac","Start Time":"05/10/2023 00:00:06","End Time":"05/10/2023 00:00:10","Automation":"PCOMM_EI_NAT"},
{"LOB":"E_Signon.mac","Start Time":"05/10/2023 00:00:06","End Time":"05/10/2023 00:00:10","Automation":"PCOMM_EI"},
{"LOB":"E_Signon.mac","Start Time":"05/10/2023 00:00:10","End Time":"05/10/2023 00:00:10","Automation":"PCOMM_EI_NAT"},
{"LOB":"AsORSEWD.mac","Start Time":"05/10/2023 00:00:10","End Time":"05/10/2023 00:00:11","Automation":"PCOMM_EI_NAT"},
{"LOB":"SeamFindICN.mac","Start Time":"05/10/2023 10:30:07","End Time":"05/10/2023 10:30:11","Automation":"PCOMM_EI"},
{"LOB":"SeamFindICN.mac","Start Time":"05/10/2023 10:30:06","End Time":"05/10/2023 10:30:11","Automation":"PCOMM_EI"},
{"LOB":"AHISrch.mac","Start Time":"05/10/2023 00:00:09","End Time":"05/10/2023 00:00:11","Automation":"PCOMM_EI_NAT"},
{"LOB":"SeamFindICN.mac","Start Time":"05/09/2023 22:00:09","End Time":"05/09/2023 22:00:11","Automation":"PCOMM_EI"},
{"LOB":"ADJ&MPI.mac","Start Time":"05/09/2023 22:00:10","End Time":"05/09/2023 22:00:12","Automation":"PCOMM_EI_NAT"},
{"LOB":"Not11_05.mac","Start Time":"05/10/2023 00:00:11","End Time":"05/10/2023 00:00:12","Automation":"PCOMM_EI_NAT"},
{"LOB":"SeamFindICN.mac","Start Time":"05/09/2023 22:00:09","End Time":"05/09/2023 22:00:12","Automation":"PCOMM_EI"},
{"LOB":"DIV Screen Change.mac","Start Time":"05/10/2023 10:30:11","End Time":"05/10/2023 10:30:12","Automation":"PCOMM_MR"},
{"LOB":"GoTo_MMI.mac","Start Time":"05/10/2023 10:30:10","End Time":"05/10/2023 10:30:12","Automation":"PCOMM_EI_NAT"},
{"LOB":"GoTo_MEI.mac","Start Time":"05/09/2023 22:00:11","End Time":"05/09/2023 22:00:12","Automation":"PCOMM_EI_NAT"},
{"LOB":"RetIcn.mac","Start Time":"05/10/2023 10:30:12","End Time":"05/10/2023 10:30:12","Automation":"PCOMM_EI"},
{"LOB":"177 Cross DIV Mbr Search","Start Time":"05/10/2023 10:29:49","End Time":"05/10/2023 10:30:12","Automation":"CPA CLAIMS_PROCESSING_MC"},
{"LOB":"RetIcn.mac","Start Time":"05/09/2023 23:00:12","End Time":"05/09/2023 23:00:12","Automation":"PCOMM_EI"},
{"LOB":"GoTo_MEI.mac","Start Time":"05/10/2023 00:00:12","End Time":"05/10/2023 00:00:12","Automation":"PCOMM_EI_NAT"},
{"LOB":"AsORSEWD.mac","Start Time":"05/10/2023 00:00:11","End Time":"05/10/2023 00:00:12","Automation":"PCOMM_EI_NAT"},
{"LOB":"Omega.mac","Start Time":"05/10/2023 00:00:12","End Time":"05/10/2023 00:00:12","Automation":"PCOMM_EI_NAT"},
{"LOB":"AHISrch.mac","Start Time":"05/10/2023 00:00:08","End Time":"05/10/2023 00:00:12","Automation":"PCOMM_EI_NAT"},
{"LOB":"AHISrch.mac","Start Time":"05/10/2023 10:30:09","End Time":"05/10/2023 10:30:12","Automation":"PCOMM_EI_NAT"},
{"LOB":"GoTo_MMI.mac","Start Time":"05/10/2023 00:00:11","End Time":"05/10/2023 00:00:13","Automation":"PCOMM_EI_NAT"},
{"LOB":"DMR Transfer Note","Start Time":"05/10/2023 00:00:09","End Time":"05/10/2023 00:00:13","Automation":"CPA CLAIMS_PROCESSING_MC"},
{"LOB":"AHISrch.mac","Start Time":"05/10/2023 00:00:11","End Time":"05/10/2023 00:00:13","Automation":"PCOMM_EI_NAT"},
{"LOB":"A# to Full Claim","Start Time":"05/10/2023 10:30:12","End Time":"05/10/2023 10:30:14","Automation":"CPA CLAIMS_PROCESSING_MC"},
{"LOB":"AHISrch.mac","Start Time":"05/10/2023 00:00:10","End Time":"05/10/2023 00:00:13","Automation":"PCOMM_EI_NAT"},
{"LOB":"Provider selection FEDIDN","Start Time":"05/10/2023 10:30:08","End Time":"05/10/2023 10:30:14","Automation":"CPA CPQ_ALL_MC"},
{"LOB":"Get Hardcopy","Start Time":"05/10/2023 10:30:14","End Time":"05/10/2023 10:30:14","Automation":"CPA_REWORK_MC"},
{"LOB":"EDS_OVRC.mac","Start Time":"05/09/2023 23:00:07","End Time":"05/09/2023 23:00:14","Automation":"PCOMM_EI_NAT"},
{"LOB":"SeamFindICN.mac","Start Time":"05/10/2023 00:00:12","End Time":"05/10/2023 00:00:14","Automation":"PCOMM_EI"},
{"LOB":"adjust.mac","Start Time":"05/09/2023 22:59:53","End Time":"05/09/2023 23:00:14","Automation":"PCOMM_EI_NAT"},
{"LOB":"ClmImage.mac","Start Time":"05/10/2023 10:30:09","End Time":"05/10/2023 10:30:14","Automation":"PCOMM_EI"},
{"LOB":"AllORS.mac","Start Time":"05/09/2023 23:59:36","End Time":"05/10/2023 00:00:14","Automation":"PCOMM_EI_NAT"},
{"LOB":"RetIcn.mac","Start Time":"05/10/2023 00:00:14","End Time":"05/10/2023 00:00:15","Automation":"PCOMM_EI"},
{"LOB":"GoTo_MEI.mac","Start Time":"05/10/2023 00:00:14","End Time":"05/10/2023 00:00:15","Automation":"PCOMM_EI_NAT"},
{"LOB":"GoTo_MEI.mac","Start Time":"05/10/2023 00:00:14","End Time":"05/10/2023 00:00:15","Automation":"PCOMM_EI_NAT"},
{"LOB":"AsORSEWD.mac","Start Time":"05/10/2023 00:00:14","End Time":"05/10/2023 00:00:15","Automation":"PCOMM_EI_NAT"},
{"LOB":"Reopen.mac","Start Time":"05/09/2023 23:59:42","End Time":"05/10/2023 00:00:15","Automation":"PCOMM_EI_NAT"},
{"LOB":"AHISrch.mac","Start Time":"05/10/2023 10:30:12","End Time":"05/10/2023 10:30:15","Automation":"PCOMM_EI"},
{"LOB":"SeamFindICN.mac","Start Time":"05/10/2023 00:00:12","End Time":"05/10/2023 00:00:15","Automation":"PCOMM_EI"},
{"LOB":"AHISrch.mac","Start Time":"05/10/2023 00:00:14","End Time":"05/10/2023 00:00:15","Automation":"PCOMM_EI_NAT"},
{"LOB":"EDS_OVRC.mac","Start Time":"05/10/2023 00:00:12","End Time":"05/10/2023 00:00:15","Automation":"PCOMM_EI_NAT"},
{"LOB":"adjust.mac","Start Time":"05/09/2023 23:00:02","End Time":"05/09/2023 23:00:15","Automation":"PCOMM_EI_NAT"},
{"LOB":"RetIcn.mac","Start Time":"05/10/2023 00:00:15","End Time":"05/10/2023 00:00:15","Automation":"PCOMM_EI"},
{"LOB":"RetIcn.mac","Start Time":"05/10/2023 10:30:14","End Time":"05/10/2023 10:30:15","Automation":"PCOMM_EI"},
{"LOB":"PEND.mac","Start Time":"05/10/2023 10:30:15","End Time":"05/10/2023 10:30:15","Automation":"PCOMM_EI_NAT"},
{"LOB":"GoTo_MEI.mac","Start Time":"05/10/2023 10:30:15","End Time":"05/10/2023 10:30:16","Automation":"PCOMM_EI_NAT"},
{"LOB":"GoTo_CEI.mac","Start Time":"05/10/2023 10:30:13","End Time":"05/10/2023 10:30:16","Automation":"PCOMM_EI_NAT"},
{"LOB":"Get Hardcopy - NO COSMOS","Start Time":"05/10/2023 00:00:16","End Time":"05/10/2023 00:00:16","Automation":"CPA CLAIMS_PROCESSING_MC"},
{"LOB":"AHISrch.mac","Start Time":"05/09/2023 22:00:13","End Time":"05/09/2023 22:00:16","Automation":"PCOMM_EI_NAT"},
{"LOB":"ADJ&MPI.mac","Start Time":"05/10/2023 10:30:15","End Time":"05/10/2023 10:30:16","Automation":"PCOMM_EI_NAT"},
{"LOB":"EDS_OVRC.mac","Start Time":"05/10/2023 10:30:13","End Time":"05/10/2023 10:30:16","Automation":"PCOMM_EI_NAT"},
{"LOB":"A# to Full Claim","Start Time":"05/10/2023 10:30:15","End Time":"05/10/2023 10:30:17","Automation":"CPA CLAIMS_PROCESSING_MC"},
{"LOB":"RetIcn.mac","Start Time":"05/10/2023 00:00:17","End Time":"05/10/2023 00:00:17","Automation":"PCOMM_EI"},
{"LOB":"AHISrch.mac","Start Time":"05/09/2023 23:00:14","End Time":"05/09/2023 23:00:17","Automation":"PCOMM_EI_NAT"},
{"LOB":"AsORSEWD.mac","Start Time":"05/10/2023 00:00:15","End Time":"05/10/2023 00:00:17","Automation":"PCOMM_EI_NAT"},
{"LOB":"Remark.mac","Start Time":"05/10/2023 00:00:16","End Time":"05/10/2023 00:00:17","Automation":"PCOMM_EI"},
{"LOB":"E_Signon.mac","Start Time":"05/10/2023 00:00:17","End Time":"05/10/2023 00:00:17","Automation":"PCOMM_EI_NAT"},
{"LOB":"A# to Full Claim","Start Time":"05/10/2023 10:30:16","End Time":"05/10/2023 10:30:17","Automation":"CPA CLAIMS_PROCESSING_MC"},
{"LOB":"ADJ&MPI.mac","Start Time":"05/10/2023 00:00:16","End Time":"05/10/2023 00:00:17","Automation":"PCOMM_EI_NAT"},
{"LOB":"AHISrch.mac","Start Time":"05/10/2023 00:00:15","End Time":"05/10/2023 00:00:17","Automation":"PCOMM_EI_NAT"},
{"LOB":"Provider search by Fedid","Start Time":"05/10/2023 00:00:01","End Time":"05/10/2023 00:00:17","Automation":"CPA CLAIMS_PROCESSING_MC"},
{"LOB":"RetIcn.mac","Start Time":"05/10/2023 10:30:16","End Time":"05/10/2023 10:30:18","Automation":"PCOMM_EI"},
{"LOB":"AHISrch.mac","Start Time":"05/10/2023 10:30:15","End Time":"05/10/2023 10:30:18","Automation":"PCOMM_EI_NAT"},
{"LOB":"GoTo_PMI.mac","Start Time":"05/10/2023 00:00:17","End Time":"05/10/2023 00:00:18","Automation":"PCOMM_EI_NAT"},
{"LOB":"E_Signon.mac","Start Time":"05/10/2023 10:30:18","End Time":"05/10/2023 10:30:18","Automation":"PCOMM_EI_NAT"},
{"LOB":"GoTo_MEI.mac","Start Time":"05/10/2023 00:00:17","End Time":"05/10/2023 00:00:18","Automation":"PCOMM_EI_NAT"},
{"LOB":"SeamFindICN.mac","Start Time":"05/10/2023 10:30:14","End Time":"05/10/2023 10:30:18","Automation":"PCOMM_EI"},
{"LOB":"Omega.mac","Start Time":"05/10/2023 00:00:18","End Time":"05/10/2023 00:00:18","Automation":"PCOMM_EI_NAT"},
{"LOB":"AHISrch.mac","Start Time":"05/09/2023 23:00:11","End Time":"05/09/2023 23:00:18","Automation":"PCOMM_EI"},
{"LOB":"GoTo_MEI.mac","Start Time":"05/10/2023 00:00:18","End Time":"05/10/2023 00:00:19","Automation":"PCOMM_EI_NAT"},
{"LOB":"AsORSEWD.mac","Start Time":"05/10/2023 00:00:15","End Time":"05/10/2023 00:00:18","Automation":"PCOMM_EI_NAT"},
{"LOB":"RetIcn.mac","Start Time":"05/09/2023 17:00:19","End Time":"05/09/2023 17:00:19","Automation":"PCOMM_EI"},
{"LOB":"GoTo_PMI.mac","Start Time":"05/10/2023 00:00:17","End Time":"05/10/2023 00:00:19","Automation":"PCOMM_EI_NAT"},
{"LOB":"AHISrch.mac","Start Time":"05/10/2023 00:00:16","End Time":"05/10/2023 00:00:19","Automation":"PCOMM_EI_NAT"},
{"LOB":"GoTo_MMI.mac","Start Time":"05/10/2023 10:29:24","End Time":"05/10/2023 10:30:19","Automation":"PCOMM_EI_NAT"},
{"LOB":"Oci.mac","Start Time":"05/10/2023 10:29:54","End Time":"05/10/2023 10:30:18","Automation":"PCOMM_EI_NAT"},
{"LOB":"GoTo_CEI.mac","Start Time":"05/10/2023 00:00:17","End Time":"05/10/2023 00:00:19","Automation":"PCOMM_EI_NAT"},
{"LOB":"AHISrch.mac","Start Time":"05/09/2023 22:00:13","End Time":"05/09/2023 22:00:18","Automation":"PCOMM_EI_NAT"},
{"LOB":"Remark.mac","Start Time":"05/10/2023 00:00:18","End Time":"05/10/2023 00:00:19","Automation":"PCOMM_EI"},
{"LOB":"adjust.mac","Start Time":"05/10/2023 00:00:11","End Time":"05/10/2023 00:00:19","Automation":"PCOMM_EI_NAT"},
{"LOB":"GoTo_MEI.mac","Start Time":"05/10/2023 00:00:19","End Time":"05/10/2023 00:00:19","Automation":"PCOMM_EI_NAT"},
{"LOB":"AHISrch.mac","Start Time":"05/10/2023 00:00:17","End Time":"05/10/2023 00:00:19","Automation":"PCOMM_EI_NAT"},
{"LOB":"SeamFindICN.mac","Start Time":"05/10/2023 00:00:17","End Time":"05/10/2023 00:00:19","Automation":"PCOMM_EI"},
{"LOB":"GoTo_MEI.mac","Start Time":"05/10/2023 00:00:19","End Time":"05/10/2023 00:00:20","Automation":"PCOMM_EI_NAT"},
{"LOB":"GoTo_MEI.mac","Start Time":"05/10/2023 00:00:19","End Time":"05/10/2023 00:00:20","Automation":"PCOMM_EI_NAT"},
{"LOB":"GoTo_CEI.mac","Start Time":"05/10/2023 00:00:19","End Time":"05/10/2023 00:00:20","Automation":"PCOMM_EI_NAT"},
{"LOB":"ADJ&MPI.mac","Start Time":"05/10/2023 00:00:10","End Time":"05/10/2023 00:00:20","Automation":"PCOMM_EI_NAT"},
{"LOB":"RetIcn.mac","Start Time":"05/10/2023 10:30:19","End Time":"05/10/2023 10:30:20","Automation":"PCOMM_EI"},
{"LOB":"GoTo_MRI.mac","Start Time":"05/10/2023 10:30:20","End Time":"05/10/2023 10:30:20","Automation":"PCOMM_EI_NAT"},
{"LOB":"ClearNC.mac","Start Time":"05/10/2023 00:00:20","End Time":"05/10/2023 00:00:20","Automation":"PCOMM_EI_NAT"},
{"LOB":"AHISrch.mac","Start Time":"05/10/2023 10:30:16","End Time":"05/10/2023 10:30:20","Automation":"PCOMM_EI_NAT"},
{"LOB":"AHISrch.mac","Start Time":"05/10/2023 10:30:19","End Time":"05/10/2023 10:30:20","Automation":"PCOMM_EI_NAT"},
{"LOB":"GoTo_MEI.mac","Start Time":"05/10/2023 10:30:20","End Time":"05/10/2023 10:30:20","Automation":"PCOMM_EI_NAT"},
{"LOB":"AsORSEWD.mac","Start Time":"05/10/2023 10:30:18","End Time":"05/10/2023 10:30:21","Automation":"PCOMM_EI_NAT"},
{"LOB":"RetIcn.mac","Start Time":"05/09/2023 23:00:21","End Time":"05/09/2023 23:00:21","Automation":"PCOMM_EI"},
{"LOB":"ADJ&MPI.mac","Start Time":"05/09/2023 22:00:13","End Time":"05/09/2023 22:00:21","Automation":"PCOMM_EI_NAT"},
{"LOB":"GoTo_MEI.mac","Start Time":"05/10/2023 10:30:19","End Time":"05/10/2023 10:30:21","Automation":"PCOMM_EI_NAT"},
{"LOB":"SeamFindICN.mac","Start Time":"05/10/2023 10:30:19","End Time":"05/10/2023 10:30:21","Automation":"PCOMM_EI"},
{"LOB":"SeamFindICN.mac","Start Time":"05/10/2023 00:00:18","End Time":"05/10/2023 00:00:21","Automation":"PCOMM_EI"},
{"LOB":"FS Member Notes","Start Time":"05/10/2023 10:17:24","End Time":"05/10/2023 10:30:22","Automation":"CPA_REWORK_MC"},
{"LOB":"RetIcn.mac","Start Time":"05/10/2023 00:00:21","End Time":"05/10/2023 00:00:22","Automation":"PCOMM_EI"},
{"LOB":"Remark.mac","Start Time":"05/10/2023 00:00:21","End Time":"05/10/2023 00:00:22","Automation":"PCOMM_EI"},
{"LOB":"Get Hardcopy - NO COSMOS","Start Time":"05/10/2023 10:30:22","End Time":"05/10/2023 10:30:22","Automation":"CPA_REWORK_MC"},
{"LOB":"FindSup.mac","Start Time":"05/10/2023 00:00:20","End Time":"05/10/2023 00:00:22","Automation":"PCOMM_EI_NAT"},
{"LOB":"Remark.mac","Start Time":"05/10/2023 00:00:21","End Time":"05/10/2023 00:00:22","Automation":"PCOMM_EI"},
{"LOB":"GoTo_MEI.mac","Start Time":"05/10/2023 10:30:21","End Time":"05/10/2023 10:30:22","Automation":"PCOMM_EI_NAT"},
{"LOB":"ADJ&MPI.mac","Start Time":"05/10/2023 10:30:17","End Time":"05/10/2023 10:30:22","Automation":"PCOMM_EI_NAT"},
{"LOB":"RetIcn.mac","Start Time":"05/10/2023 00:00:22","End Time":"05/10/2023 00:00:22","Automation":"PCOMM_EI"},
{"LOB":"ADJ&MPI.mac","Start Time":"05/10/2023 10:30:18","End Time":"05/10/2023 10:30:22","Automation":"PCOMM_EI_NAT"},
{"LOB":"GoTo_MEI.mac","Start Time":"05/10/2023 10:30:22","End Time":"05/10/2023 10:30:22","Automation":"PCOMM_EI_NAT"},
{"LOB":"A# to Full Claim","Start Time":"05/10/2023 00:00:21","End Time":"05/10/2023 00:00:23","Automation":"CPA CLAIMS_PROCESSING_MC"},
{"LOB":"RetIcn.mac","Start Time":"05/10/2023 00:00:22","End Time":"05/10/2023 00:00:23","Automation":"PCOMM_EI"},
{"LOB":"GoTo_MEI.mac","Start Time":"05/10/2023 10:30:23","End Time":"05/10/2023 10:30:23","Automation":"PCOMM_EI_NAT"},
{"LOB":"AHISrch.mac","Start Time":"05/10/2023 00:00:21","End Time":"05/10/2023 00:00:23","Automation":"PCOMM_EI_NAT"},
{"LOB":"Chg_OV.mac","Start Time":"05/10/2023 00:00:20","End Time":"05/10/2023 00:00:23","Automation":"PCOMM_EI_NAT"},
{"LOB":"AsORSEWD.mac","Start Time":"05/09/2023 17:00:21","End Time":"05/09/2023 17:00:23","Automation":"PCOMM_EI_NAT"},
{"LOB":"SeamFindICN.mac","Start Time":"05/10/2023 10:30:20","End Time":"05/10/2023 10:30:23","Automation":"PCOMM_EI"},
{"LOB":"GoTo_MEI.mac","Start Time":"05/10/2023 10:30:22","End Time":"05/10/2023 10:30:23","Automation":"PCOMM_EI_NAT"},
{"LOB":"RetIcn.mac","Start Time":"05/10/2023 10:30:23","End Time":"05/10/2023 10:30:23","Automation":"PCOMM_EI"},
{"LOB":"AHISrch.mac","Start Time":"05/10/2023 00:00:20","End Time":"05/10/2023 00:00:23","Automation":"PCOMM_EI_NAT"},
{"LOB":"RetIcn.mac","Start Time":"05/09/2023 23:00:23","End Time":"05/09/2023 23:00:23","Automation":"PCOMM_EI"},
{"LOB":"AsORSEWD.mac","Start Time":"05/10/2023 00:00:22","End Time":"05/10/2023 00:00:23","Automation":"PCOMM_EI_NAT"},
{"LOB":"Omega.mac","Start Time":"05/10/2023 00:00:23","End Time":"05/10/2023 00:00:24","Automation":"PCOMM_EI_NAT"},
{"LOB":"FS Member Notes","Start Time":"05/10/2023 10:13:51","End Time":"05/10/2023 10:30:24","Automation":"CPA_REWORK_MC"},
{"LOB":"GI101 Search by Name and DOB","Start Time":"05/10/2023 10:30:24","End Time":"05/10/2023 10:30:24","Automation":"CPA_REWORK_MC"},
{"LOB":"SeamFindICN.mac","Start Time":"05/10/2023 10:30:18","End Time":"05/10/2023 10:30:24","Automation":"PCOMM_EI"},
{"LOB":"ADJ&MPI.mac","Start Time":"05/10/2023 00:00:23","End Time":"05/10/2023 00:00:24","Automation":"PCOMM_EI_NAT"},
{"LOB":"ADJ&MPI.mac","Start Time":"05/10/2023 10:30:18","End Time":"05/10/2023 10:30:24","Automation":"PCOMM_EI"},
{"LOB":"GoTo_MEI.mac","Start Time":"05/10/2023 00:00:24","End Time":"05/10/2023 00:00:24","Automation":"PCOMM_EI_NAT"},
{"LOB":"RetIcn.mac","Start Time":"05/10/2023 00:00:24","End Time":"05/10/2023 00:00:24","Automation":"PCOMM_EI"},
{"LOB":"EDS_OVRC.mac","Start Time":"05/10/2023 00:00:20","End Time":"05/10/2023 00:00:24","Automation":"PCOMM_EI_NAT"},
{"LOB":"GoTo_MEI.mac","Start Time":"05/10/2023 00:00:24","End Time":"05/10/2023 00:00:25","Automation":"PCOMM_EI_NAT"},
{"LOB":"INI Proc Emu","Start Time":"05/10/2023 10:30:25","End Time":"05/10/2023 10:30:25","Automation":"QUEUE_E"}
]
